{"cameraMode":{"drawMode":0,"name":"Shaded","section":"Shading Mode"},"sceneLighting":true,"audioPlay":false,"sceneViewState":{"m_AlwaysRefresh":false,"showFog":true,"showSkybox":true,"showFlares":true,"showImageEffects":true,"showParticleSystems":true,"showVisualEffectGraphs":true,"m_FxEnabled":false},"in2DMode":false,"pivot":{"x":-79.47553253173828,"y":-17.975900650024415,"z":53.88426971435547},"rotation":{"x":0.09117386490106583,"y":-0.49513083696365359,"z":0.052318088710308078,"w":0.8624820709228516},"size":54.502593994140628,"orthographic":false}