{"cameraMode":{"drawMode":0,"name":"Shaded","section":"Shading Mode"},"sceneLighting":true,"audioPlay":false,"sceneViewState":{"m_AlwaysRefresh":false,"showFog":true,"showSkybox":true,"showFlares":true,"showImageEffects":true,"showParticleSystems":true,"showVisualEffectGraphs":true,"m_FxEnabled":false},"in2DMode":false,"pivot":{"x":870.320556640625,"y":252.37094116210938,"z":33.921844482421878},"rotation":{"x":-0.06263508647680283,"y":0.03294464200735092,"z":-0.0020641072187572719,"w":-0.9975141286849976},"size":469.5904541015625,"orthographic":false}